date,region,sales
2023-01-01,North,95.97
2023-01-02,North,99.2
2023-01-03,North,105.8
2023-01-04,North,113.11
2023-01-05,North,99.36
2023-01-06,North,99.67
2023-01-07,North,106.48
2023-01-08,North,100.29
2023-01-09,North,98.7
2023-01-10,North,107.1
2023-01-11,North,99.36
2023-01-12,North,99.65
2023-01-13,North,105.61
2023-01-14,North,80.67
2023-01-15,North,82.48
2023-01-16,North,100.08
2023-01-17,North,96.77
2023-01-18,North,107.69
2023-01-19,North,98.21
2023-01-20,North,94.47
2023-01-21,North,109.78
2023-01-22,North,96.55
2023-01-23,North,107.18
2023-01-24,North,95.53
2023-01-25,North,102.86
2023-01-26,North,108.39
2023-01-27,North,98.58
2023-01-28,North,103.07
2023-01-29,North,95.54
2023-01-30,North,106.29
2023-01-31,North,104.09
2023-02-01,North,123.99
2023-02-02,North,109.34
2023-02-03,North,101.25
2023-02-04,North,108.56
2023-02-05,North,92.48
2023-02-06,North,112.18
2023-02-07,North,95.09
2023-02-08,North,100.4
2023-02-09,North,112.85
2023-02-10,North,117.43
2023-02-11,North,105.14
2023-02-12,North,103.09
2023-02-13,North,109.85
2023-02-14,North,100.67
2023-02-15,North,106.98
2023-02-16,North,109.28
2023-02-17,North,121.66
2023-02-18,North,108.17
2023-02-19,North,91.54
2023-02-20,North,116.46
2023-02-21,North,111.0
2023-02-22,North,108.88
2023-02-23,North,119.4
2023-02-24,North,122.96
2023-02-25,North,114.37
2023-02-26,North,100.4
2023-02-27,North,112.84
2023-02-28,North,118.15
2023-03-01,North,123.5
2023-03-02,North,112.04
2023-03-03,North,114.57
2023-03-04,North,99.38
2023-03-05,North,98.84
2023-03-06,North,123.07
2023-03-07,North,127.59
2023-03-08,North,116.32
2023-03-09,North,125.09
2023-03-10,North,120.1
2023-03-11,North,104.2
2023-03-12,North,112.39
2023-03-13,North,129.95
2023-03-14,North,117.49
2023-03-15,North,130.43
2023-03-16,North,97.08
2023-03-17,North,124.74
2023-03-18,North,110.98
2023-03-19,North,108.01
2023-03-20,North,119.24
2023-03-21,North,102.71
2023-03-22,North,116.96
2023-03-23,North,121.67
2023-03-24,North,130.73
2023-03-25,North,106.85
2023-03-26,North,104.61
2023-03-27,North,115.15
2023-03-28,North,126.56
2023-03-29,North,121.94
2023-03-30,North,115.14
2023-03-31,North,123.54
2023-04-01,North,112.27
2023-04-02,North,119.3
2023-04-03,North,113.98
2023-04-04,North,117.02
2023-04-05,North,116.55
2023-04-06,North,108.01
2023-04-07,North,122.12
2023-04-08,North,113.87
2023-04-09,North,111.84
2023-04-10,North,117.94
2023-04-11,North,108.51
2023-04-12,North,116.48
2023-04-13,North,117.11
2023-04-14,North,113.43
2023-04-15,North,110.55
2023-04-16,North,115.07
2023-04-17,North,134.91
2023-04-18,North,121.2
2023-04-19,North,121.85
2023-04-20,North,119.17
2023-04-21,North,104.38
2023-04-22,North,111.49
2023-04-23,North,112.14
2023-04-24,North,139.32
2023-04-25,North,118.03
2023-04-26,North,121.93
2023-04-27,North,119.19
2023-04-28,North,110.06
2023-04-29,North,120.49
2023-04-30,North,117.3
2023-05-01,North,125.54
2023-05-02,North,111.86
2023-05-03,North,130.28
2023-05-04,North,107.76
2023-05-05,North,123.59
2023-05-06,North,128.32
2023-05-07,North,102.78
2023-05-08,North,114.08
2023-05-09,North,119.31
2023-05-10,North,114.38
2023-05-11,North,105.89
2023-05-12,North,118.74
2023-05-13,North,101.57
2023-05-14,North,113.74
2023-05-15,North,110.48
2023-05-16,North,130.11
2023-05-17,North,111.32
2023-05-18,North,114.87
2023-05-19,North,123.82
2023-05-20,North,99.33
2023-05-21,North,110.86
2023-05-22,North,127.35
2023-05-23,North,103.89
2023-05-24,North,118.08
2023-05-25,North,118.53
2023-05-26,North,122.55
2023-05-27,North,98.24
2023-05-28,North,97.41
2023-05-29,North,119.99
2023-05-30,North,118.03
2023-05-31,North,117.49
2023-06-01,North,118.09
2023-06-02,North,109.7
2023-06-03,North,108.83
2023-06-04,North,109.14
2023-06-05,North,108.9
2023-06-06,North,129.36
2023-06-07,North,118.04
2023-06-08,North,104.54
2023-06-09,North,119.13
2023-06-10,North,97.89
2023-06-11,North,111.8
2023-06-12,North,122.58
2023-06-13,North,106.55
2023-06-14,North,120.63
2023-06-15,North,116.03
2023-06-16,North,119.11
2023-06-17,North,119.51
2023-06-18,North,102.17
2023-06-19,North,105.9
2023-06-20,North,104.62
2023-06-21,North,105.0
2023-06-22,North,110.71
2023-06-23,North,113.85
2023-06-24,North,105.13
2023-06-25,North,109.33
2023-06-26,North,110.61
2023-06-27,North,121.93
2023-06-28,North,107.97
2023-06-29,North,131.65
2023-06-30,North,114.68
2023-07-01,North,94.61
2023-07-02,North,92.69
2023-07-03,North,112.91
2023-07-04,North,107.06
2023-07-05,North,114.35
2023-07-06,North,112.22
2023-07-07,North,107.64
2023-07-08,North,93.24
2023-07-09,North,87.69
2023-07-10,North,104.03
2023-07-11,North,114.25
2023-07-12,North,108.9
2023-07-13,North,97.02
2023-07-14,North,108.17
2023-07-15,North,101.66
2023-07-16,North,91.31
2023-07-17,North,107.41
2023-07-18,North,106.44
2023-07-19,North,96.64
2023-07-20,North,108.45
2023-07-21,North,109.87
2023-07-22,North,105.86
2023-07-23,North,105.43
2023-07-24,North,93.79
2023-07-25,North,97.12
2023-07-26,North,108.55
2023-07-27,North,108.35
2023-07-28,North,108.18
2023-07-29,North,126.7
2023-07-30,North,100.26
2023-07-31,North,112.6
2023-08-01,North,110.97
2023-08-02,North,108.38
2023-08-03,North,100.47
2023-08-04,North,108.89
2023-08-05,North,88.47
2023-08-06,North,92.59
2023-08-07,North,98.44
2023-08-08,North,102.82
2023-08-09,North,120.52
2023-08-10,North,86.91
2023-08-11,North,107.19
2023-08-12,North,80.65
2023-08-13,North,89.63
2023-08-14,North,109.97
2023-08-15,North,101.63
2023-08-16,North,92.36
2023-08-17,North,95.12
2023-08-18,North,106.15
2023-08-19,North,86.74
2023-08-20,North,94.19
2023-08-21,North,100.7
2023-08-22,North,95.01
2023-08-23,North,117.25
2023-08-24,North,105.06
2023-08-25,North,83.68
2023-08-26,North,93.27
2023-08-27,North,86.38
2023-08-28,North,106.4
2023-08-29,North,93.14
2023-08-30,North,98.48
2023-08-31,North,103.35
2023-09-01,North,106.15
2023-09-02,North,81.54
2023-09-03,North,88.39
2023-09-04,North,95.2
2023-09-05,North,93.71
2023-09-06,North,112.99
2023-09-07,North,102.05
2023-09-08,North,88.67
2023-09-09,North,98.05
2023-09-10,North,107.63
2023-09-11,North,106.87
2023-09-12,North,86.42
2023-09-13,North,94.67
2023-09-14,North,108.64
2023-09-15,North,92.82
2023-09-16,North,94.01
2023-09-17,North,96.64
2023-09-18,North,91.01
2023-09-19,North,97.94
2023-09-20,North,72.49
2023-09-21,North,90.22
2023-09-22,North,96.4
2023-09-23,North,80.44
2023-09-24,North,103.5
2023-09-25,North,87.02
2023-09-26,North,94.96
2023-09-27,North,99.55
2023-09-28,North,110.06
2023-09-29,North,87.08
2023-09-30,North,99.91
2023-10-01,North,90.73
2023-10-02,North,90.85
2023-10-03,North,102.45
2023-10-04,North,100.4
2023-10-05,North,94.07
2023-10-06,North,99.5
2023-10-07,North,87.92
2023-10-08,North,91.99
2023-10-09,North,104.46
2023-10-10,North,111.93
2023-10-11,North,89.43
2023-10-12,North,116.49
2023-10-13,North,83.9
2023-10-14,North,90.41
2023-10-15,North,96.43
2023-10-16,North,102.08
2023-10-17,North,94.97
2023-10-18,North,98.4
2023-10-19,North,96.25
2023-10-20,North,95.6
2023-10-21,North,99.25
2023-10-22,North,95.44
2023-10-23,North,95.18
2023-10-24,North,108.06
2023-10-25,North,103.47
2023-10-26,North,107.67
2023-10-27,North,106.36
2023-10-28,North,86.85
2023-10-29,North,89.16
2023-10-30,North,107.79
2023-10-31,North,106.87
2023-11-01,North,101.99
2023-11-02,North,103.28
2023-11-03,North,112.75
2023-11-04,North,89.98
2023-11-05,North,99.28
2023-11-06,North,101.48
2023-11-07,North,101.55
2023-11-08,North,112.29
2023-11-09,North,110.31
2023-11-10,North,110.42
2023-11-11,North,106.57
2023-11-12,North,96.51
2023-11-13,North,110.01
2023-11-14,North,102.3
2023-11-15,North,107.6
2023-11-16,North,104.19
2023-11-17,North,106.24
2023-11-18,North,102.46
2023-11-19,North,91.4
2023-11-20,North,122.92
2023-11-21,North,98.38
2023-11-22,North,96.96
2023-11-23,North,116.19
2023-11-24,North,113.51
2023-11-25,North,104.43
2023-11-26,North,104.72
2023-11-27,North,107.85
2023-11-28,North,101.04
2023-11-29,North,109.09
2023-11-30,North,103.33
2023-12-01,North,116.82
2023-12-02,North,100.12
2023-12-03,North,94.96
2023-12-04,North,107.27
2023-12-05,North,113.43
2023-12-06,North,105.89
2023-12-07,North,104.11
2023-12-08,North,112.92
2023-12-09,North,105.22
2023-12-10,North,99.49
2023-12-11,North,108.07
2023-12-12,North,113.99
2023-12-13,North,100.84
2023-12-14,North,101.46
2023-12-15,North,107.27
2023-12-16,North,103.6
2023-12-17,North,108.1
2023-12-18,North,125.71
2023-12-19,North,121.07
2023-12-20,North,113.23
2023-12-21,North,114.66
2023-12-22,North,107.1
2023-12-23,North,107.28
2023-12-24,North,105.42
2023-12-25,North,118.62
2023-12-26,North,109.72
2023-12-27,North,120.8
2023-12-28,North,129.22
2023-12-29,North,116.39
2023-12-30,North,112.78
2023-12-31,North,115.4
2024-01-01,North,114.98
2024-01-02,North,120.29
2024-01-03,North,118.9
2024-01-04,North,119.89
2024-01-05,North,113.23
2024-01-06,North,111.92
2024-01-07,North,116.02
2024-01-08,North,131.95
2024-01-09,North,128.32
2024-01-10,North,138.17
2024-01-11,North,115.12
2024-01-12,North,128.54
2024-01-13,North,115.33
2024-01-14,North,131.68
2024-01-15,North,116.0
2024-01-16,North,116.05
2024-01-17,North,118.27
2024-01-18,North,106.37
2024-01-19,North,119.45
2024-01-20,North,109.88
2024-01-21,North,117.45
2024-01-22,North,127.28
2024-01-23,North,139.84
2024-01-24,North,132.73
2024-01-25,North,120.79
2024-01-26,North,118.51
2024-01-27,North,121.91
2024-01-28,North,107.7
2024-01-29,North,141.19
2024-01-30,North,136.26
2024-01-31,North,123.34
2024-02-01,North,113.66
2024-02-02,North,138.47
2024-02-03,North,118.99
2024-02-04,North,130.08
2024-02-05,North,115.69
2024-02-06,North,123.91
2024-02-07,North,129.01
2024-02-08,North,129.6
2024-02-09,North,125.87
2024-02-10,North,126.71
2024-02-11,North,113.43
2024-02-12,North,129.08
2024-02-13,North,131.43
2024-02-14,North,134.82
2024-02-15,North,136.63
2024-02-16,North,122.18
2024-02-17,North,111.13
2024-02-18,North,133.85
2024-02-19,North,134.51
2024-02-20,North,126.09
2024-02-21,North,144.7
2024-02-22,North,133.43
2024-02-23,North,142.15
2024-02-24,North,125.47
2024-02-25,North,141.62
2024-02-26,North,147.37
2024-02-27,North,131.53
2024-02-28,North,141.49
2024-02-29,North,139.07
2024-03-01,North,145.04
2024-03-02,North,118.55
2024-03-03,North,131.94
2024-03-04,North,143.09
2024-03-05,North,120.73
2024-03-06,North,125.5
2024-03-07,North,118.81
2024-03-08,North,133.13
2024-03-09,North,133.17
2024-03-10,North,139.6
2024-03-11,North,136.32
2024-03-12,North,148.9
2024-03-13,North,124.97
2024-03-14,North,122.51
2024-03-15,North,135.83
2024-03-16,North,131.47
2024-03-17,North,128.25
2024-03-18,North,120.09
2024-03-19,North,136.03
2024-03-20,North,126.42
2024-03-21,North,142.31
2024-03-22,North,139.99
2024-03-23,North,121.63
2024-03-24,North,125.13
2024-03-25,North,128.85
2024-03-26,North,136.9
2024-03-27,North,145.12
2024-03-28,North,129.67
2024-03-29,North,141.65
2024-03-30,North,125.44
2024-03-31,North,123.4
2024-04-01,North,136.94
2024-04-02,North,129.57
2024-04-03,North,133.47
2024-04-04,North,128.35
2024-04-05,North,153.69
2024-04-06,North,130.29
2024-04-07,North,124.44
2024-04-08,North,139.77
2024-04-09,North,137.18
2024-04-10,North,136.32
2024-04-11,North,143.02
2024-04-12,North,144.17
2024-04-13,North,125.87
2024-04-14,North,125.5
2024-04-15,North,135.9
2024-04-16,North,119.67
2024-04-17,North,125.95
2024-04-18,North,148.99
2024-04-19,North,151.19
2024-04-20,North,128.01
2024-04-21,North,134.58
2024-04-22,North,140.42
2024-04-23,North,162.52
2024-04-24,North,146.8
2024-04-25,North,136.77
2024-04-26,North,130.1
2024-04-27,North,116.84
2024-04-28,North,131.25
2024-04-29,North,131.51
2024-04-30,North,126.11
2024-05-01,North,132.24
2024-05-02,North,128.69
2024-05-03,North,150.76
2024-05-04,North,136.23
2024-05-05,North,129.02
2024-05-06,North,148.83
2024-05-07,North,137.52
2024-05-08,North,129.91
2024-05-09,North,148.88
2024-05-10,North,140.9
2024-05-11,North,120.18
2024-05-12,North,126.84
2024-05-13,North,129.24
2024-05-14,North,125.06
2024-05-15,North,143.41
2024-05-16,North,151.15
2024-05-17,North,124.56
2024-05-18,North,132.12
2024-05-19,North,122.27
2024-05-20,North,131.44
2024-05-21,North,130.46
2024-05-22,North,128.14
2024-05-23,North,135.29
2024-05-24,North,128.1
2024-05-25,North,128.76
2024-05-26,North,126.04
2024-05-27,North,132.37
2024-05-28,North,126.86
2024-05-29,North,129.34
2024-05-30,North,139.83
2024-05-31,North,137.63
2024-06-01,North,117.63
2024-06-02,North,126.07
2024-06-03,North,139.11
2024-06-04,North,119.57
2024-06-05,North,137.09
2024-06-06,North,127.26
2024-06-07,North,136.94
2024-06-08,North,118.08
2024-06-09,North,109.56
2024-06-10,North,118.79
2024-06-11,North,132.01
2024-06-12,North,133.51
2024-06-13,North,124.0
2024-06-14,North,136.15
2024-06-15,North,109.55
2024-06-16,North,122.12
2024-06-17,North,120.76
2024-06-18,North,125.03
2024-06-19,North,130.42
2024-06-20,North,122.96
2024-06-21,North,126.56
2024-06-22,North,129.49
2024-06-23,North,116.62
2024-06-24,North,135.71
2024-06-25,North,119.78
2024-06-26,North,132.85
2024-06-27,North,139.94
2024-06-28,North,108.43
2024-06-29,North,113.62
2024-06-30,North,124.4
2024-07-01,North,125.95
2024-07-02,North,130.34
2024-07-03,North,122.33
2024-07-04,North,127.64
2024-07-05,North,125.5
2024-07-06,North,127.88
2024-07-07,North,120.36
2024-07-08,North,128.82
2024-07-09,North,122.62
2024-07-10,North,121.81
2024-07-11,North,122.04
2024-07-12,North,128.46
2024-07-13,North,113.73
2024-07-14,North,119.21
2024-07-15,North,141.3
2024-07-16,North,131.46
2024-07-17,North,121.68
2024-07-18,North,133.7
2024-07-19,North,120.63
2024-07-20,North,99.39
2024-07-21,North,107.44
2024-07-22,North,108.34
2024-07-23,North,120.31
2024-07-24,North,123.08
2024-07-25,North,136.15
2024-07-26,North,125.17
2024-07-27,North,112.61
2024-07-28,North,120.82
2024-07-29,North,104.31
2024-07-30,North,123.71
2024-07-31,North,127.81
2024-08-01,North,109.64
2024-08-02,North,130.45
2024-08-03,North,115.83
2024-08-04,North,109.64
2024-08-05,North,125.85
2024-08-06,North,138.79
2024-08-07,North,121.92
2024-08-08,North,122.29
2024-08-09,North,116.48
2024-08-10,North,105.2
2024-08-11,North,118.49
2024-08-12,North,112.85
2024-08-13,North,120.13
2024-08-14,North,115.59
2024-08-15,North,123.11
2024-08-16,North,121.81
2024-08-17,North,119.31
2024-08-18,North,106.8
2024-08-19,North,116.59
2024-08-20,North,110.8
2024-08-21,North,114.96
2024-08-22,North,121.41
2024-08-23,North,124.34
2024-08-24,North,102.79
2024-08-25,North,117.02
2024-08-26,North,128.81
2024-08-27,North,121.17
2024-08-28,North,132.78
2024-08-29,North,111.49
2024-08-30,North,107.63
2024-08-31,North,95.28
2024-09-01,North,121.4
2024-09-02,North,122.59
2024-09-03,North,116.83
2024-09-04,North,119.45
2024-09-05,North,108.14
2024-09-06,North,136.65
2024-09-07,North,110.06
2024-09-08,North,109.85
2024-09-09,North,122.74
2024-09-10,North,120.73
2024-09-11,North,118.64
2024-09-12,North,110.49
2024-09-13,North,120.55
2024-09-14,North,123.81
2024-09-15,North,119.49
2024-09-16,North,129.45
2024-09-17,North,112.6
2024-09-18,North,108.77
2024-09-19,North,115.67
2024-09-20,North,117.12
2024-09-21,North,117.43
2024-09-22,North,95.15
2024-09-23,North,128.93
2024-09-24,North,115.45
2024-09-25,North,113.32
2024-09-26,North,108.66
2024-09-27,North,103.55
2024-09-28,North,115.41
2024-09-29,North,109.45
2024-09-30,North,106.58
2024-10-01,North,106.59
2024-10-02,North,114.32
2024-10-03,North,130.41
2024-10-04,North,115.04
2024-10-05,North,97.16
2024-10-06,North,107.29
2024-10-07,North,115.14
2024-10-08,North,95.83
2024-10-09,North,117.05
2024-10-10,North,115.72
2024-10-11,North,123.23
2024-10-12,North,124.55
2024-10-13,North,118.87
2024-10-14,North,115.81
2024-10-15,North,109.22
2024-10-16,North,138.77
2024-10-17,North,118.78
2024-10-18,North,118.53
2024-10-19,North,110.36
2024-10-20,North,112.26
2024-10-21,North,117.66
2024-10-22,North,114.36
2024-10-23,North,114.72
2024-10-24,North,118.98
2024-10-25,North,115.04
2024-10-26,North,105.84
2024-10-27,North,112.56
2024-10-28,North,117.83
2024-10-29,North,132.07
2024-10-30,North,99.0
2024-10-31,North,129.11
2024-11-01,North,130.53
2024-11-02,North,96.15
2024-11-03,North,110.19
2024-11-04,North,118.15
2024-11-05,North,110.05
2024-11-06,North,115.29
2024-11-07,North,112.82
2024-11-08,North,135.93
2024-11-09,North,121.61
2024-11-10,North,124.5
2024-11-11,North,128.32
2024-11-12,North,113.73
2024-11-13,North,118.79
2024-11-14,North,127.13
2024-11-15,North,113.66
2024-11-16,North,121.38
2024-11-17,North,113.98
2024-11-18,North,121.15
2024-11-19,North,130.07
2024-11-20,North,128.18
2024-11-21,North,121.99
2024-11-22,North,134.4
2024-11-23,North,108.73
2024-11-24,North,122.56
2024-11-25,North,130.63
2024-11-26,North,123.67
2024-11-27,North,129.02
2024-11-28,North,116.67
2024-11-29,North,134.34
2024-11-30,North,117.73
2024-12-01,North,115.3
2024-12-02,North,136.15
2024-12-03,North,122.4
2024-12-04,North,117.05
2024-12-05,North,116.14
2024-12-06,North,133.73
2024-12-07,North,110.92
2024-12-08,North,135.49
2024-12-09,North,113.08
2024-12-10,North,143.6
2024-12-11,North,132.01
2024-12-12,North,129.84
2024-12-13,North,126.55
2024-12-14,North,126.4
2024-12-15,North,123.2
2024-12-16,North,140.62
2024-12-17,North,133.01
2024-12-18,North,133.6
2024-12-19,North,129.79
2024-12-20,North,132.55
2024-12-21,North,127.77
2024-12-22,North,111.93
2024-12-23,North,123.13
2024-12-24,North,140.17
2024-12-25,North,135.89
2024-12-26,North,133.36
2024-12-27,North,135.29
2024-12-28,North,130.23
2024-12-29,North,123.44
2024-12-30,North,129.84
2024-12-31,North,137.94
2023-01-01,South,57.11
2023-01-02,South,72.32
2023-01-03,South,62.04
2023-01-04,South,75.98
2023-01-05,South,73.47
2023-01-06,South,72.67
2023-01-07,South,68.58
2023-01-08,South,72.27
2023-01-09,South,77.29
2023-01-10,South,63.29
2023-01-11,South,66.37
2023-01-12,South,69.92
2023-01-13,South,73.44
2023-01-14,South,68.17
2023-01-15,South,62.23
2023-01-16,South,75.06
2023-01-17,South,70.62
2023-01-18,South,71.61
2023-01-19,South,67.9
2023-01-20,South,70.58
2023-01-21,South,60.7
2023-01-22,South,62.84
2023-01-23,South,81.25
2023-01-24,South,71.49
2023-01-25,South,89.66
2023-01-26,South,79.22
2023-01-27,South,77.93
2023-01-28,South,64.97
2023-01-29,South,73.01
2023-01-30,South,74.88
2023-01-31,South,78.61
2023-02-01,South,91.05
2023-02-02,South,78.01
2023-02-03,South,84.47
2023-02-04,South,67.45
2023-02-05,South,71.02
2023-02-06,South,88.28
2023-02-07,South,76.52
2023-02-08,South,88.94
2023-02-09,South,83.64
2023-02-10,South,77.51
2023-02-11,South,75.71
2023-02-12,South,77.62
2023-02-13,South,84.08
2023-02-14,South,73.33
2023-02-15,South,77.75
2023-02-16,South,80.35
2023-02-17,South,81.42
2023-02-18,South,77.09
2023-02-19,South,75.07
2023-02-20,South,75.69
2023-02-21,South,84.46
2023-02-22,South,85.79
2023-02-23,South,85.72
2023-02-24,South,88.5
2023-02-25,South,79.44
2023-02-26,South,77.73
2023-02-27,South,83.25
2023-02-28,South,75.46
2023-03-01,South,86.07
2023-03-02,South,85.11
2023-03-03,South,85.58
2023-03-04,South,69.99
2023-03-05,South,71.11
2023-03-06,South,89.92
2023-03-07,South,84.59
2023-03-08,South,88.33
2023-03-09,South,85.19
2023-03-10,South,85.32
2023-03-11,South,81.98
2023-03-12,South,74.82
2023-03-13,South,85.99
2023-03-14,South,83.31
2023-03-15,South,83.55
2023-03-16,South,84.27
2023-03-17,South,87.02
2023-03-18,South,75.61
2023-03-19,South,84.37
2023-03-20,South,81.7
2023-03-21,South,85.31
2023-03-22,South,84.12
2023-03-23,South,93.62
2023-03-24,South,87.43
2023-03-25,South,83.67
2023-03-26,South,71.13
2023-03-27,South,87.95
2023-03-28,South,91.11
2023-03-29,South,87.11
2023-03-30,South,92.06
2023-03-31,South,84.18
2023-04-01,South,85.84
2023-04-02,South,90.31
2023-04-03,South,85.02
2023-04-04,South,84.63
2023-04-05,South,94.13
2023-04-06,South,94.77
2023-04-07,South,84.26
2023-04-08,South,76.77
2023-04-09,South,77.45
2023-04-10,South,80.13
2023-04-11,South,82.24
2023-04-12,South,81.79
2023-04-13,South,82.95
2023-04-14,South,86.58
2023-04-15,South,79.9
2023-04-16,South,86.44
2023-04-17,South,81.65
2023-04-18,South,91.52
2023-04-19,South,85.48
2023-04-20,South,86.24
2023-04-21,South,89.81
2023-04-22,South,72.75
2023-04-23,South,80.21
2023-04-24,South,87.06
2023-04-25,South,88.61
2023-04-26,South,87.52
2023-04-27,South,98.26
2023-04-28,South,82.71
2023-04-29,South,75.15
2023-04-30,South,74.59
2023-05-01,South,82.83
2023-05-02,South,82.32
2023-05-03,South,91.34
2023-05-04,South,92.39
2023-05-05,South,82.32
2023-05-06,South,72.89
2023-05-07,South,79.28
2023-05-08,South,82.04
2023-05-09,South,87.84
2023-05-10,South,85.55
2023-05-11,South,76.82
2023-05-12,South,92.0
2023-05-13,South,85.09
2023-05-14,South,72.9
2023-05-15,South,81.88
2023-05-16,South,85.09
2023-05-17,South,85.17
2023-05-18,South,86.63
2023-05-19,South,93.23
2023-05-20,South,74.12
2023-05-21,South,70.85
2023-05-22,South,75.77
2023-05-23,South,78.84
2023-05-24,South,82.15
2023-05-25,South,91.1
2023-05-26,South,79.36
2023-05-27,South,74.88
2023-05-28,South,73.49
2023-05-29,South,87.32
2023-05-30,South,93.82
2023-05-31,South,78.33
2023-06-01,South,78.34
2023-06-02,South,85.8
2023-06-03,South,75.79
2023-06-04,South,81.4
2023-06-05,South,82.88
2023-06-06,South,77.96
2023-06-07,South,82.49
2023-06-08,South,84.87
2023-06-09,South,83.21
2023-06-10,South,73.43
2023-06-11,South,76.01
2023-06-12,South,84.3
2023-06-13,South,85.14
2023-06-14,South,81.25
2023-06-15,South,76.94
2023-06-16,South,78.29
2023-06-17,South,75.36
2023-06-18,South,65.01
2023-06-19,South,78.71
2023-06-20,South,74.67
2023-06-21,South,76.54
2023-06-22,South,82.56
2023-06-23,South,76.89
2023-06-24,South,67.93
2023-06-25,South,60.66
2023-06-26,South,78.96
2023-06-27,South,78.22
2023-06-28,South,85.57
2023-06-29,South,72.98
2023-06-30,South,75.37
2023-07-01,South,67.29
2023-07-02,South,73.69
2023-07-03,South,73.09
2023-07-04,South,74.72
2023-07-05,South,76.13
2023-07-06,South,73.78
2023-07-07,South,70.38
2023-07-08,South,65.35
2023-07-09,South,69.51
2023-07-10,South,66.77
2023-07-11,South,72.33
2023-07-12,South,67.93
2023-07-13,South,77.17
2023-07-14,South,63.35
2023-07-15,South,59.94
2023-07-16,South,64.39
2023-07-17,South,78.1
2023-07-18,South,69.71
2023-07-19,South,67.03
2023-07-20,South,78.99
2023-07-21,South,62.12
2023-07-22,South,50.14
2023-07-23,South,63.11
2023-07-24,South,66.18
2023-07-25,South,63.36
2023-07-26,South,71.79
2023-07-27,South,69.25
2023-07-28,South,65.0
2023-07-29,South,53.2
2023-07-30,South,63.76
2023-07-31,South,70.44
2023-08-01,South,66.48
2023-08-02,South,76.01
2023-08-03,South,61.22
2023-08-04,South,58.74
2023-08-05,South,54.71
2023-08-06,South,57.75
2023-08-07,South,67.0
2023-08-08,South,64.39
2023-08-09,South,67.17
2023-08-10,South,58.96
2023-08-11,South,72.26
2023-08-12,South,56.45
2023-08-13,South,62.27
2023-08-14,South,66.22
2023-08-15,South,66.62
2023-08-16,South,67.02
2023-08-17,South,66.24
2023-08-18,South,67.06
2023-08-19,South,62.33
2023-08-20,South,56.51
2023-08-21,South,66.92
2023-08-22,South,62.78
2023-08-23,South,70.28
2023-08-24,South,59.56
2023-08-25,South,71.81
2023-08-26,South,54.47
2023-08-27,South,47.38
2023-08-28,South,63.05
2023-08-29,South,58.88
2023-08-30,South,66.37
2023-08-31,South,58.78
2023-09-01,South,59.7
2023-09-02,South,44.38
2023-09-03,South,51.46
2023-09-04,South,49.5
2023-09-05,South,53.6
2023-09-06,South,65.23
2023-09-07,South,65.27
2023-09-08,South,63.38
2023-09-09,South,48.34
2023-09-10,South,52.86
2023-09-11,South,61.0
2023-09-12,South,55.16
2023-09-13,South,68.41
2023-09-14,South,65.22
2023-09-15,South,59.67
2023-09-16,South,52.85
2023-09-17,South,53.71
2023-09-18,South,50.42
2023-09-19,South,59.35
2023-09-20,South,57.15
2023-09-21,South,55.52
2023-09-22,South,59.09
2023-09-23,South,61.47
2023-09-24,South,55.66
2023-09-25,South,57.59
2023-09-26,South,63.3
2023-09-27,South,67.43
2023-09-28,South,65.06
2023-09-29,South,60.74
2023-09-30,South,49.21
2023-10-01,South,55.95
2023-10-02,South,62.45
2023-10-03,South,64.98
2023-10-04,South,63.71
2023-10-05,South,65.81
2023-10-06,South,57.92
2023-10-07,South,59.22
2023-10-08,South,53.67
2023-10-09,South,71.11
2023-10-10,South,57.34
2023-10-11,South,69.52
2023-10-12,South,61.89
2023-10-13,South,57.71
2023-10-14,South,50.62
2023-10-15,South,51.52
2023-10-16,South,63.32
2023-10-17,South,63.89
2023-10-18,South,58.5
2023-10-19,South,61.34
2023-10-20,South,72.27
2023-10-21,South,62.3
2023-10-22,South,55.95
2023-10-23,South,62.06
2023-10-24,South,62.59
2023-10-25,South,65.17
2023-10-26,South,57.11
2023-10-27,South,61.07
2023-10-28,South,46.14
2023-10-29,South,56.61
2023-10-30,South,65.99
2023-10-31,South,60.48
2023-11-01,South,70.91
2023-11-02,South,57.06
2023-11-03,South,56.02
2023-11-04,South,56.62
2023-11-05,South,60.9
2023-11-06,South,72.25
2023-11-07,South,61.7
2023-11-08,South,69.56
2023-11-09,South,64.15
2023-11-10,South,63.66
2023-11-11,South,61.12
2023-11-12,South,60.15
2023-11-13,South,57.2
2023-11-14,South,72.65
2023-11-15,South,72.37
2023-11-16,South,62.54
2023-11-17,South,67.85
2023-11-18,South,60.54
2023-11-19,South,59.58
2023-11-20,South,63.74
2023-11-21,South,63.35
2023-11-22,South,66.8
2023-11-23,South,73.01
2023-11-24,South,70.09
2023-11-25,South,57.74
2023-11-26,South,63.68
2023-11-27,South,53.81
2023-11-28,South,74.03
2023-11-29,South,59.82
2023-11-30,South,66.95
2023-12-01,South,63.4
2023-12-02,South,54.77
2023-12-03,South,67.29
2023-12-04,South,67.4
2023-12-05,South,71.72
2023-12-06,South,70.0
2023-12-07,South,72.87
2023-12-08,South,71.13
2023-12-09,South,56.58
2023-12-10,South,68.24
2023-12-11,South,69.05
2023-12-12,South,64.0
2023-12-13,South,69.9
2023-12-14,South,79.81
2023-12-15,South,76.83
2023-12-16,South,63.1
2023-12-17,South,63.36
2023-12-18,South,71.77
2023-12-19,South,84.03
2023-12-20,South,75.83
2023-12-21,South,76.35
2023-12-22,South,79.62
2023-12-23,South,67.94
2023-12-24,South,65.72
2023-12-25,South,74.31
2023-12-26,South,75.21
2023-12-27,South,75.66
2023-12-28,South,79.76
2023-12-29,South,76.66
2023-12-30,South,72.34
2023-12-31,South,68.55
2024-01-01,South,77.63
2024-01-02,South,67.52
2024-01-03,South,82.37
2024-01-04,South,79.8
2024-01-05,South,83.34
2024-01-06,South,56.14
2024-01-07,South,81.34
2024-01-08,South,78.48
2024-01-09,South,84.99
2024-01-10,South,74.53
2024-01-11,South,83.07
2024-01-12,South,75.01
2024-01-13,South,69.43
2024-01-14,South,82.39
2024-01-15,South,80.14
2024-01-16,South,82.45
2024-01-17,South,85.98
2024-01-18,South,84.38
2024-01-19,South,82.92
2024-01-20,South,76.26
2024-01-21,South,86.72
2024-01-22,South,82.67
2024-01-23,South,84.23
2024-01-24,South,88.73
2024-01-25,South,89.27
2024-01-26,South,89.93
2024-01-27,South,79.44
2024-01-28,South,70.79
2024-01-29,South,92.92
2024-01-30,South,79.27
2024-01-31,South,86.76
2024-02-01,South,81.72
2024-02-02,South,85.41
2024-02-03,South,79.61
2024-02-04,South,79.81
2024-02-05,South,88.55
2024-02-06,South,94.74
2024-02-07,South,89.17
2024-02-08,South,85.91
2024-02-09,South,92.18
2024-02-10,South,85.52
2024-02-11,South,73.66
2024-02-12,South,91.0
2024-02-13,South,91.73
2024-02-14,South,86.95
2024-02-15,South,95.52
2024-02-16,South,88.09
2024-02-17,South,81.67
2024-02-18,South,80.38
2024-02-19,South,89.51
2024-02-20,South,84.15
2024-02-21,South,82.61
2024-02-22,South,97.97
2024-02-23,South,85.94
2024-02-24,South,77.4
2024-02-25,South,71.76
2024-02-26,South,87.5
2024-02-27,South,84.25
2024-02-28,South,99.24
2024-02-29,South,96.24
2024-03-01,South,87.9
2024-03-02,South,94.76
2024-03-03,South,88.55
2024-03-04,South,90.16
2024-03-05,South,79.43
2024-03-06,South,103.52
2024-03-07,South,85.25
2024-03-08,South,84.09
2024-03-09,South,89.56
2024-03-10,South,96.76
2024-03-11,South,99.6
2024-03-12,South,95.61
2024-03-13,South,95.87
2024-03-14,South,97.27
2024-03-15,South,96.9
2024-03-16,South,86.6
2024-03-17,South,85.81
2024-03-18,South,93.06
2024-03-19,South,89.68
2024-03-20,South,92.13
2024-03-21,South,85.14
2024-03-22,South,93.18
2024-03-23,South,80.79
2024-03-24,South,80.28
2024-03-25,South,94.75
2024-03-26,South,100.86
2024-03-27,South,98.54
2024-03-28,South,86.14
2024-03-29,South,89.08
2024-03-30,South,90.77
2024-03-31,South,81.18
2024-04-01,South,93.0
2024-04-02,South,96.89
2024-04-03,South,89.31
2024-04-04,South,94.69
2024-04-05,South,87.5
2024-04-06,South,83.17
2024-04-07,South,87.77
2024-04-08,South,86.2
2024-04-09,South,96.36
2024-04-10,South,94.04
2024-04-11,South,96.89
2024-04-12,South,95.22
2024-04-13,South,92.89
2024-04-14,South,86.66
2024-04-15,South,91.85
2024-04-16,South,94.57
2024-04-17,South,96.63
2024-04-18,South,94.11
2024-04-19,South,94.01
2024-04-20,South,82.24
2024-04-21,South,82.37
2024-04-22,South,86.61
2024-04-23,South,102.3
2024-04-24,South,87.26
2024-04-25,South,89.93
2024-04-26,South,89.72
2024-04-27,South,89.7
2024-04-28,South,83.66
2024-04-29,South,99.28
2024-04-30,South,89.57
2024-05-01,South,94.23
2024-05-02,South,88.55
2024-05-03,South,103.35
2024-05-04,South,78.57
2024-05-05,South,85.94
2024-05-06,South,95.43
2024-05-07,South,94.21
2024-05-08,South,91.08
2024-05-09,South,91.23
2024-05-10,South,91.96
2024-05-11,South,82.86
2024-05-12,South,88.27
2024-05-13,South,102.36
2024-05-14,South,88.37
2024-05-15,South,84.15
2024-05-16,South,90.41
2024-05-17,South,103.58
2024-05-18,South,78.5
2024-05-19,South,90.55
2024-05-20,South,98.58
2024-05-21,South,87.25
2024-05-22,South,92.68
2024-05-23,South,97.8
2024-05-24,South,87.58
2024-05-25,South,80.28
2024-05-26,South,78.2
2024-05-27,South,83.85
2024-05-28,South,85.48
2024-05-29,South,82.41
2024-05-30,South,88.51
2024-05-31,South,84.29
2024-06-01,South,81.11
2024-06-02,South,71.95
2024-06-03,South,89.18
2024-06-04,South,91.49
2024-06-05,South,77.14
2024-06-06,South,88.77
2024-06-07,South,92.82
2024-06-08,South,72.42
2024-06-09,South,86.61
2024-06-10,South,88.13
2024-06-11,South,82.29
2024-06-12,South,85.31
2024-06-13,South,88.16
2024-06-14,South,85.52
2024-06-15,South,79.61
2024-06-16,South,72.08
2024-06-17,South,85.3
2024-06-18,South,77.16
2024-06-19,South,83.44
2024-06-20,South,79.24
2024-06-21,South,79.85
2024-06-22,South,81.48
2024-06-23,South,80.52
2024-06-24,South,85.87
2024-06-25,South,77.13
2024-06-26,South,80.77
2024-06-27,South,88.18
2024-06-28,South,82.59
2024-06-29,South,85.24
2024-06-30,South,75.37
2024-07-01,South,82.13
2024-07-02,South,79.38
2024-07-03,South,81.36
2024-07-04,South,79.69
2024-07-05,South,83.75
2024-07-06,South,76.76
2024-07-07,South,67.81
2024-07-08,South,72.85
2024-07-09,South,70.09
2024-07-10,South,81.57
2024-07-11,South,73.28
2024-07-12,South,67.8
2024-07-13,South,72.27
2024-07-14,South,82.56
2024-07-15,South,77.83
2024-07-16,South,81.82
2024-07-17,South,77.81
2024-07-18,South,76.68
2024-07-19,South,81.54
2024-07-20,South,67.27
2024-07-21,South,69.83
2024-07-22,South,77.88
2024-07-23,South,72.71
2024-07-24,South,80.79
2024-07-25,South,74.73
2024-07-26,South,71.61
2024-07-27,South,69.86
2024-07-28,South,62.47
2024-07-29,South,74.89
2024-07-30,South,74.5
2024-07-31,South,79.76
2024-08-01,South,76.5
2024-08-02,South,73.8
2024-08-03,South,69.81
2024-08-04,South,72.48
2024-08-05,South,76.12
2024-08-06,South,73.19
2024-08-07,South,66.39
2024-08-08,South,67.43
2024-08-09,South,71.05
2024-08-10,South,61.34
2024-08-11,South,63.27
2024-08-12,South,72.31
2024-08-13,South,74.51
2024-08-14,South,71.33
2024-08-15,South,73.95
2024-08-16,South,71.67
2024-08-17,South,53.31
2024-08-18,South,58.33
2024-08-19,South,70.15
2024-08-20,South,64.67
2024-08-21,South,73.57
2024-08-22,South,78.08
2024-08-23,South,76.37
2024-08-24,South,61.07
2024-08-25,South,69.46
2024-08-26,South,70.62
2024-08-27,South,68.06
2024-08-28,South,66.55
2024-08-29,South,67.99
2024-08-30,South,67.44
2024-08-31,South,62.12
2024-09-01,South,61.96
2024-09-02,South,69.07
2024-09-03,South,71.13
2024-09-04,South,74.8
2024-09-05,South,73.5
2024-09-06,South,61.24
2024-09-07,South,47.81
2024-09-08,South,65.17
2024-09-09,South,61.58
2024-09-10,South,67.22
2024-09-11,South,62.42
2024-09-12,South,59.2
2024-09-13,South,70.86
2024-09-14,South,63.89
2024-09-15,South,57.16
2024-09-16,South,55.03
2024-09-17,South,65.21
2024-09-18,South,69.86
2024-09-19,South,60.47
2024-09-20,South,68.75
2024-09-21,South,59.73
2024-09-22,South,62.68
2024-09-23,South,68.37
2024-09-24,South,62.89
2024-09-25,South,73.73
2024-09-26,South,66.95
2024-09-27,South,67.6
2024-09-28,South,55.08
2024-09-29,South,57.53
2024-09-30,South,63.34
2024-10-01,South,66.92
2024-10-02,South,76.36
2024-10-03,South,60.97
2024-10-04,South,59.79
2024-10-05,South,67.25
2024-10-06,South,58.88
2024-10-07,South,64.63
2024-10-08,South,73.22
2024-10-09,South,65.05
2024-10-10,South,77.26
2024-10-11,South,71.58
2024-10-12,South,57.82
2024-10-13,South,71.12
2024-10-14,South,65.37
2024-10-15,South,72.19
2024-10-16,South,70.06
2024-10-17,South,75.16
2024-10-18,South,76.55
2024-10-19,South,61.0
2024-10-20,South,57.17
2024-10-21,South,71.34
2024-10-22,South,65.76
2024-10-23,South,79.33
2024-10-24,South,70.06
2024-10-25,South,67.67
2024-10-26,South,62.55
2024-10-27,South,55.02
2024-10-28,South,65.03
2024-10-29,South,76.03
2024-10-30,South,66.88
2024-10-31,South,65.08
2024-11-01,South,73.14
2024-11-02,South,68.54
2024-11-03,South,66.36
2024-11-04,South,75.91
2024-11-05,South,67.31
2024-11-06,South,64.15
2024-11-07,South,78.94
2024-11-08,South,69.99
2024-11-09,South,62.53
2024-11-10,South,70.6
2024-11-11,South,74.93
2024-11-12,South,74.62
2024-11-13,South,83.35
2024-11-14,South,69.5
2024-11-15,South,77.56
2024-11-16,South,65.41
2024-11-17,South,66.67
2024-11-18,South,81.18
2024-11-19,South,76.28
2024-11-20,South,76.65
2024-11-21,South,79.54
2024-11-22,South,72.57
2024-11-23,South,62.42
2024-11-24,South,61.62
2024-11-25,South,65.24
2024-11-26,South,85.58
2024-11-27,South,70.02
2024-11-28,South,74.66
2024-11-29,South,74.62
2024-11-30,South,69.78
2024-12-01,South,72.56
2024-12-02,South,81.03
2024-12-03,South,74.06
2024-12-04,South,76.39
2024-12-05,South,78.89
2024-12-06,South,76.49
2024-12-07,South,78.02
2024-12-08,South,72.69
2024-12-09,South,82.17
2024-12-10,South,82.07
2024-12-11,South,84.89
2024-12-12,South,80.19
2024-12-13,South,73.06
2024-12-14,South,73.81
2024-12-15,South,68.82
2024-12-16,South,77.7
2024-12-17,South,83.55
2024-12-18,South,87.08
2024-12-19,South,81.27
2024-12-20,South,82.98
2024-12-21,South,82.22
2024-12-22,South,75.18
2024-12-23,South,95.26
2024-12-24,South,85.36
2024-12-25,South,74.0
2024-12-26,South,86.85
2024-12-27,South,85.27
2024-12-28,South,82.09
2024-12-29,South,79.28
2024-12-30,South,83.5
2024-12-31,South,78.35
2023-01-01,East,119.91
2023-01-02,East,121.72
2023-01-03,East,124.65
2023-01-04,East,136.57
2023-01-05,East,147.61
2023-01-06,East,135.09
2023-01-07,East,111.41
2023-01-08,East,128.04
2023-01-09,East,143.78
2023-01-10,East,125.95
2023-01-11,East,130.93
2023-01-12,East,132.64
2023-01-13,East,124.87
2023-01-14,East,131.42
2023-01-15,East,123.95
2023-01-16,East,137.57
2023-01-17,East,124.72
2023-01-18,East,129.44
2023-01-19,East,141.25
2023-01-20,East,130.52
2023-01-21,East,143.73
2023-01-22,East,122.68
2023-01-23,East,137.13
2023-01-24,East,144.42
2023-01-25,East,121.11
2023-01-26,East,117.9
2023-01-27,East,120.45
2023-01-28,East,140.54
2023-01-29,East,122.59
2023-01-30,East,161.89
2023-01-31,East,130.86
2023-02-01,East,138.54
2023-02-02,East,152.31
2023-02-03,East,157.14
2023-02-04,East,149.88
2023-02-05,East,141.53
2023-02-06,East,147.87
2023-02-07,East,143.73
2023-02-08,East,145.77
2023-02-09,East,132.64
2023-02-10,East,130.14
2023-02-11,East,130.46
2023-02-12,East,128.96
2023-02-13,East,134.29
2023-02-14,East,145.94
2023-02-15,East,148.69
2023-02-16,East,140.17
2023-02-17,East,154.21
2023-02-18,East,120.17
2023-02-19,East,129.79
2023-02-20,East,132.7
2023-02-21,East,121.34
2023-02-22,East,139.31
2023-02-23,East,139.05
2023-02-24,East,155.53
2023-02-25,East,138.83
2023-02-26,East,122.39
2023-02-27,East,159.29
2023-02-28,East,153.07
2023-03-01,East,146.79
2023-03-02,East,138.81
2023-03-03,East,131.58
2023-03-04,East,129.55
2023-03-05,East,144.25
2023-03-06,East,160.3
2023-03-07,East,156.97
2023-03-08,East,136.73
2023-03-09,East,130.5
2023-03-10,East,143.18
2023-03-11,East,116.15
2023-03-12,East,137.13
2023-03-13,East,140.49
2023-03-14,East,137.36
2023-03-15,East,126.12
2023-03-16,East,147.26
2023-03-17,East,136.84
2023-03-18,East,122.5
2023-03-19,East,105.52
2023-03-20,East,141.99
2023-03-21,East,160.02
2023-03-22,East,158.93
2023-03-23,East,137.76
2023-03-24,East,136.33
2023-03-25,East,139.04
2023-03-26,East,124.38
2023-03-27,East,145.38
2023-03-28,East,150.02
2023-03-29,East,154.62
2023-03-30,East,141.33
2023-03-31,East,140.28
2023-04-01,East,125.52
2023-04-02,East,126.0
2023-04-03,East,139.97
2023-04-04,East,145.88
2023-04-05,East,151.3
2023-04-06,East,134.09
2023-04-07,East,157.0
2023-04-08,East,131.31
2023-04-09,East,133.75
2023-04-10,East,134.43
2023-04-11,East,117.59
2023-04-12,East,150.6
2023-04-13,East,149.06
2023-04-14,East,138.79
2023-04-15,East,134.19
2023-04-16,East,138.6
2023-04-17,East,125.72
2023-04-18,East,135.96
2023-04-19,East,149.09
2023-04-20,East,128.5
2023-04-21,East,143.87
2023-04-22,East,119.25
2023-04-23,East,137.36
2023-04-24,East,140.22
2023-04-25,East,124.3
2023-04-26,East,151.97
2023-04-27,East,132.84
2023-04-28,East,131.95
2023-04-29,East,133.91
2023-04-30,East,143.25
2023-05-01,East,129.45
2023-05-02,East,140.07
2023-05-03,East,143.59
2023-05-04,East,146.07
2023-05-05,East,140.73
2023-05-06,East,127.13
2023-05-07,East,122.35
2023-05-08,East,139.31
2023-05-09,East,127.55
2023-05-10,East,108.87
2023-05-11,East,142.26
2023-05-12,East,146.75
2023-05-13,East,105.88
2023-05-14,East,119.22
2023-05-15,East,143.31
2023-05-16,East,157.48
2023-05-17,East,136.91
2023-05-18,East,129.21
2023-05-19,East,134.45
2023-05-20,East,141.81
2023-05-21,East,121.38
2023-05-22,East,127.62
2023-05-23,East,130.56
2023-05-24,East,125.63
2023-05-25,East,136.16
2023-05-26,East,150.94
2023-05-27,East,129.69
2023-05-28,East,123.69
2023-05-29,East,131.06
2023-05-30,East,118.1
2023-05-31,East,142.31
2023-06-01,East,132.46
2023-06-02,East,131.18
2023-06-03,East,156.66
2023-06-04,East,127.46
2023-06-05,East,124.7
2023-06-06,East,127.69
2023-06-07,East,143.17
2023-06-08,East,132.56
2023-06-09,East,116.78
2023-06-10,East,132.08
2023-06-11,East,115.94
2023-06-12,East,149.08
2023-06-13,East,140.88
2023-06-14,East,125.33
2023-06-15,East,142.34
2023-06-16,East,129.93
2023-06-17,East,129.5
2023-06-18,East,125.54
2023-06-19,East,119.95
2023-06-20,East,121.7
2023-06-21,East,138.15
2023-06-22,East,124.22
2023-06-23,East,123.25
2023-06-24,East,109.45
2023-06-25,East,122.95
2023-06-26,East,147.05
2023-06-27,East,115.46
2023-06-28,East,126.09
2023-06-29,East,139.69
2023-06-30,East,124.48
2023-07-01,East,121.51
2023-07-02,East,106.08
2023-07-03,East,128.7
2023-07-04,East,122.25
2023-07-05,East,133.69
2023-07-06,East,135.42
2023-07-07,East,149.16
2023-07-08,East,120.77
2023-07-09,East,117.95
2023-07-10,East,124.35
2023-07-11,East,118.58
2023-07-12,East,125.22
2023-07-13,East,118.59
2023-07-14,East,122.95
2023-07-15,East,126.16
2023-07-16,East,102.63
2023-07-17,East,131.82
2023-07-18,East,133.31
2023-07-19,East,118.68
2023-07-20,East,98.36
2023-07-21,East,113.23
2023-07-22,East,124.0
2023-07-23,East,110.53
2023-07-24,East,108.49
2023-07-25,East,113.17
2023-07-26,East,126.36
2023-07-27,East,123.15
2023-07-28,East,115.03
2023-07-29,East,105.49
2023-07-30,East,104.98
2023-07-31,East,107.41
2023-08-01,East,132.53
2023-08-02,East,112.9
2023-08-03,East,128.04
2023-08-04,East,130.83
2023-08-05,East,117.36
2023-08-06,East,102.81
2023-08-07,East,118.92
2023-08-08,East,114.4
2023-08-09,East,105.37
2023-08-10,East,117.42
2023-08-11,East,102.15
2023-08-12,East,117.59
2023-08-13,East,100.84
2023-08-14,East,115.27
2023-08-15,East,115.87
2023-08-16,East,110.23
2023-08-17,East,118.47
2023-08-18,East,107.64
2023-08-19,East,112.9
2023-08-20,East,90.52
2023-08-21,East,113.04
2023-08-22,East,130.97
2023-08-23,East,101.38
2023-08-24,East,104.41
2023-08-25,East,116.14
2023-08-26,East,104.61
2023-08-27,East,106.14
2023-08-28,East,115.35
2023-08-29,East,116.63
2023-08-30,East,121.21
2023-08-31,East,114.05
2023-09-01,East,107.37
2023-09-02,East,108.35
2023-09-03,East,120.47
2023-09-04,East,107.99
2023-09-05,East,99.43
2023-09-06,East,120.1
2023-09-07,East,107.69
2023-09-08,East,87.03
2023-09-09,East,109.1
2023-09-10,East,95.14
2023-09-11,East,107.47
2023-09-12,East,111.57
2023-09-13,East,110.04
2023-09-14,East,115.12
2023-09-15,East,103.57
2023-09-16,East,104.95
2023-09-17,East,97.13
2023-09-18,East,115.02
2023-09-19,East,113.69
2023-09-20,East,98.1
2023-09-21,East,118.23
2023-09-22,East,101.94
2023-09-23,East,107.31
2023-09-24,East,102.83
2023-09-25,East,125.48
2023-09-26,East,104.8
2023-09-27,East,103.49
2023-09-28,East,106.74
2023-09-29,East,103.86
2023-09-30,East,106.85
2023-10-01,East,82.65
2023-10-02,East,96.24
2023-10-03,East,96.07
2023-10-04,East,116.23
2023-10-05,East,123.82
2023-10-06,East,105.65
2023-10-07,East,97.0
2023-10-08,East,99.38
2023-10-09,East,118.3
2023-10-10,East,97.41
2023-10-11,East,109.08
2023-10-12,East,116.46
2023-10-13,East,111.73
2023-10-14,East,100.64
2023-10-15,East,108.78
2023-10-16,East,79.76
2023-10-17,East,113.61
2023-10-18,East,100.33
2023-10-19,East,88.61
2023-10-20,East,112.07
2023-10-21,East,112.75
2023-10-22,East,97.69
2023-10-23,East,116.65
2023-10-24,East,123.31
2023-10-25,East,120.4
2023-10-26,East,123.73
2023-10-27,East,114.82
2023-10-28,East,100.24
2023-10-29,East,83.55
2023-10-30,East,105.19
2023-10-31,East,99.31
2023-11-01,East,129.55
2023-11-02,East,106.18
2023-11-03,East,109.28
2023-11-04,East,105.67
2023-11-05,East,100.7
2023-11-06,East,125.33
2023-11-07,East,102.27
2023-11-08,East,110.56
2023-11-09,East,101.32
2023-11-10,East,95.67
2023-11-11,East,94.89
2023-11-12,East,100.77
2023-11-13,East,104.99
2023-11-14,East,102.5
2023-11-15,East,95.5
2023-11-16,East,108.88
2023-11-17,East,94.82
2023-11-18,East,109.62
2023-11-19,East,103.01
2023-11-20,East,95.77
2023-11-21,East,107.41
2023-11-22,East,103.15
2023-11-23,East,114.04
2023-11-24,East,124.42
2023-11-25,East,84.44
2023-11-26,East,104.52
2023-11-27,East,109.95
2023-11-28,East,118.45
2023-11-29,East,114.05
2023-11-30,East,104.59
2023-12-01,East,109.11
2023-12-02,East,96.53
2023-12-03,East,115.45
2023-12-04,East,113.1
2023-12-05,East,132.1
2023-12-06,East,112.68
2023-12-07,East,106.4
2023-12-08,East,98.56
2023-12-09,East,87.87
2023-12-10,East,90.27
2023-12-11,East,116.99
2023-12-12,East,119.62
2023-12-13,East,98.93
2023-12-14,East,123.91
2023-12-15,East,110.34
2023-12-16,East,108.86
2023-12-17,East,123.73
2023-12-18,East,124.8
2023-12-19,East,113.37
2023-12-20,East,107.36
2023-12-21,East,94.98
2023-12-22,East,109.53
2023-12-23,East,106.83
2023-12-24,East,99.3
2023-12-25,East,116.08
2023-12-26,East,118.39
2023-12-27,East,115.6
2023-12-28,East,111.57
2023-12-29,East,119.99
2023-12-30,East,114.95
2023-12-31,East,99.85
2024-01-01,East,133.09
2024-01-02,East,118.23
2024-01-03,East,119.63
2024-01-04,East,126.75
2024-01-05,East,122.23
2024-01-06,East,121.66
2024-01-07,East,115.22
2024-01-08,East,114.45
2024-01-09,East,124.42
2024-01-10,East,109.59
2024-01-11,East,122.34
2024-01-12,East,121.15
2024-01-13,East,111.62
2024-01-14,East,112.64
2024-01-15,East,103.33
2024-01-16,East,116.88
2024-01-17,East,123.51
2024-01-18,East,124.4
2024-01-19,East,112.74
2024-01-20,East,127.89
2024-01-21,East,106.79
2024-01-22,East,133.36
2024-01-23,East,128.14
2024-01-24,East,117.62
2024-01-25,East,142.04
2024-01-26,East,112.56
2024-01-27,East,125.89
2024-01-28,East,126.91
2024-01-29,East,118.4
2024-01-30,East,139.22
2024-01-31,East,123.0
2024-02-01,East,128.58
2024-02-02,East,128.48
2024-02-03,East,116.73
2024-02-04,East,126.37
2024-02-05,East,134.38
2024-02-06,East,109.14
2024-02-07,East,139.85
2024-02-08,East,110.36
2024-02-09,East,137.48
2024-02-10,East,130.59
2024-02-11,East,108.59
2024-02-12,East,123.55
2024-02-13,East,116.77
2024-02-14,East,125.83
2024-02-15,East,125.06
2024-02-16,East,136.09
2024-02-17,East,133.55
2024-02-18,East,134.55
2024-02-19,East,123.11
2024-02-20,East,126.78
2024-02-21,East,112.18
2024-02-22,East,121.09
2024-02-23,East,138.93
2024-02-24,East,137.56
2024-02-25,East,109.19
2024-02-26,East,123.72
2024-02-27,East,129.5
2024-02-28,East,132.68
2024-02-29,East,121.89
2024-03-01,East,134.33
2024-03-02,East,117.46
2024-03-03,East,122.15
2024-03-04,East,135.85
2024-03-05,East,130.54
2024-03-06,East,126.2
2024-03-07,East,129.55
2024-03-08,East,129.84
2024-03-09,East,119.09
2024-03-10,East,120.28
2024-03-11,East,146.92
2024-03-12,East,136.6
2024-03-13,East,128.09
2024-03-14,East,138.07
2024-03-15,East,127.81
2024-03-16,East,134.93
2024-03-17,East,126.93
2024-03-18,East,130.2
2024-03-19,East,135.78
2024-03-20,East,115.62
2024-03-21,East,120.09
2024-03-22,East,119.43
2024-03-23,East,124.82
2024-03-24,East,140.72
2024-03-25,East,153.72
2024-03-26,East,137.79
2024-03-27,East,136.41
2024-03-28,East,113.38
2024-03-29,East,125.96
2024-03-30,East,115.49
2024-03-31,East,117.14
2024-04-01,East,129.64
2024-04-02,East,126.57
2024-04-03,East,111.46
2024-04-04,East,138.7
2024-04-05,East,120.45
2024-04-06,East,125.52
2024-04-07,East,143.82
2024-04-08,East,121.82
2024-04-09,East,105.65
2024-04-10,East,128.03
2024-04-11,East,141.83
2024-04-12,East,150.33
2024-04-13,East,110.38
2024-04-14,East,127.55
2024-04-15,East,125.85
2024-04-16,East,129.35
2024-04-17,East,156.76
2024-04-18,East,115.18
2024-04-19,East,132.65
2024-04-20,East,126.68
2024-04-21,East,132.75
2024-04-22,East,130.75
2024-04-23,East,132.73
2024-04-24,East,125.61
2024-04-25,East,132.09
2024-04-26,East,125.83
2024-04-27,East,127.34
2024-04-28,East,117.29
2024-04-29,East,132.61
2024-04-30,East,128.4
2024-05-01,East,139.8
2024-05-02,East,127.87
2024-05-03,East,110.49
2024-05-04,East,132.67
2024-05-05,East,110.83
2024-05-06,East,121.18
2024-05-07,East,121.58
2024-05-08,East,141.1
2024-05-09,East,105.82
2024-05-10,East,158.37
2024-05-11,East,129.36
2024-05-12,East,120.84
2024-05-13,East,125.86
2024-05-14,East,129.06
2024-05-15,East,131.21
2024-05-16,East,132.25
2024-05-17,East,131.14
2024-05-18,East,118.27
2024-05-19,East,115.18
2024-05-20,East,123.42
2024-05-21,East,122.77
2024-05-22,East,135.83
2024-05-23,East,130.2
2024-05-24,East,94.63
2024-05-25,East,122.36
2024-05-26,East,117.51
2024-05-27,East,123.13
2024-05-28,East,119.19
2024-05-29,East,134.08
2024-05-30,East,132.06
2024-05-31,East,114.61
2024-06-01,East,118.16
2024-06-02,East,104.12
2024-06-03,East,107.78
2024-06-04,East,115.05
2024-06-05,East,129.68
2024-06-06,East,130.33
2024-06-07,East,125.67
2024-06-08,East,119.52
2024-06-09,East,117.16
2024-06-10,East,113.32
2024-06-11,East,123.78
2024-06-12,East,127.19
2024-06-13,East,126.46
2024-06-14,East,130.53
2024-06-15,East,117.45
2024-06-16,East,113.6
2024-06-17,East,128.51
2024-06-18,East,117.26
2024-06-19,East,108.43
2024-06-20,East,115.33
2024-06-21,East,109.23
2024-06-22,East,101.64
2024-06-23,East,106.67
2024-06-24,East,107.9
2024-06-25,East,112.46
2024-06-26,East,96.32
2024-06-27,East,117.1
2024-06-28,East,114.69
2024-06-29,East,98.22
2024-06-30,East,112.7
2024-07-01,East,123.19
2024-07-02,East,97.45
2024-07-03,East,105.61
2024-07-04,East,105.26
2024-07-05,East,103.26
2024-07-06,East,112.67
2024-07-07,East,102.15
2024-07-08,East,109.16
2024-07-09,East,91.48
2024-07-10,East,117.58
2024-07-11,East,98.55
2024-07-12,East,111.26
2024-07-13,East,105.15
2024-07-14,East,115.7
2024-07-15,East,96.72
2024-07-16,East,79.34
2024-07-17,East,111.09
2024-07-18,East,126.98
2024-07-19,East,121.08
2024-07-20,East,102.52
2024-07-21,East,95.23
2024-07-22,East,115.94
2024-07-23,East,97.86
2024-07-24,East,112.09
2024-07-25,East,112.11
2024-07-26,East,117.39
2024-07-27,East,126.12
2024-07-28,East,102.19
2024-07-29,East,100.91
2024-07-30,East,105.49
2024-07-31,East,87.79
2024-08-01,East,98.28
2024-08-02,East,100.88
2024-08-03,East,91.49
2024-08-04,East,98.0
2024-08-05,East,96.01
2024-08-06,East,115.2
2024-08-07,East,103.75
2024-08-08,East,103.42
2024-08-09,East,99.99
2024-08-10,East,96.59
2024-08-11,East,103.06
2024-08-12,East,93.91
2024-08-13,East,95.78
2024-08-14,East,99.1
2024-08-15,East,88.46
2024-08-16,East,93.51
2024-08-17,East,88.73
2024-08-18,East,102.02
2024-08-19,East,103.7
2024-08-20,East,102.81
2024-08-21,East,109.18
2024-08-22,East,99.1
2024-08-23,East,104.19
2024-08-24,East,91.06
2024-08-25,East,94.56
2024-08-26,East,93.9
2024-08-27,East,75.16
2024-08-28,East,98.03
2024-08-29,East,113.43
2024-08-30,East,108.29
2024-08-31,East,100.52
2024-09-01,East,103.07
2024-09-02,East,99.44
2024-09-03,East,100.37
2024-09-04,East,92.07
2024-09-05,East,94.95
2024-09-06,East,104.12
2024-09-07,East,101.87
2024-09-08,East,88.3
2024-09-09,East,93.07
2024-09-10,East,97.45
2024-09-11,East,103.34
2024-09-12,East,82.77
2024-09-13,East,74.14
2024-09-14,East,83.49
2024-09-15,East,76.68
2024-09-16,East,91.71
2024-09-17,East,95.22
2024-09-18,East,92.07
2024-09-19,East,111.04
2024-09-20,East,99.7
2024-09-21,East,91.36
2024-09-22,East,94.51
2024-09-23,East,84.83
2024-09-24,East,106.55
2024-09-25,East,95.34
2024-09-26,East,102.74
2024-09-27,East,85.27
2024-09-28,East,72.4
2024-09-29,East,96.08
2024-09-30,East,99.63
2024-10-01,East,86.81
2024-10-02,East,87.1
2024-10-03,East,107.03
2024-10-04,East,83.86
2024-10-05,East,104.17
2024-10-06,East,78.73
2024-10-07,East,102.11
2024-10-08,East,92.44
2024-10-09,East,101.76
2024-10-10,East,90.29
2024-10-11,East,94.12
2024-10-12,East,88.17
2024-10-13,East,77.76
2024-10-14,East,103.21
2024-10-15,East,90.7
2024-10-16,East,93.58
2024-10-17,East,85.96
2024-10-18,East,70.32
2024-10-19,East,86.08
2024-10-20,East,112.16
2024-10-21,East,103.94
2024-10-22,East,95.96
2024-10-23,East,93.58
2024-10-24,East,96.5
2024-10-25,East,101.82
2024-10-26,East,76.62
2024-10-27,East,99.65
2024-10-28,East,103.74
2024-10-29,East,103.86
2024-10-30,East,101.15
2024-10-31,East,97.06
2024-11-01,East,103.69
2024-11-02,East,94.98
2024-11-03,East,85.63
2024-11-04,East,91.54
2024-11-05,East,98.41
2024-11-06,East,113.0
2024-11-07,East,85.24
2024-11-08,East,83.08
2024-11-09,East,91.53
2024-11-10,East,90.52
2024-11-11,East,99.88
2024-11-12,East,100.73
2024-11-13,East,96.2
2024-11-14,East,113.47
2024-11-15,East,82.71
2024-11-16,East,82.59
2024-11-17,East,89.99
2024-11-18,East,82.75
2024-11-19,East,97.59
2024-11-20,East,116.12
2024-11-21,East,99.88
2024-11-22,East,102.15
2024-11-23,East,79.41
2024-11-24,East,86.03
2024-11-25,East,96.62
2024-11-26,East,97.37
2024-11-27,East,113.55
2024-11-28,East,106.49
2024-11-29,East,89.99
2024-11-30,East,95.76
2024-12-01,East,98.47
2024-12-02,East,113.08
2024-12-03,East,117.68
2024-12-04,East,91.92
2024-12-05,East,94.17
2024-12-06,East,89.9
2024-12-07,East,92.34
2024-12-08,East,99.55
2024-12-09,East,112.97
2024-12-10,East,102.55
2024-12-11,East,100.32
2024-12-12,East,105.25
2024-12-13,East,95.6
2024-12-14,East,117.06
2024-12-15,East,80.3
2024-12-16,East,106.45
2024-12-17,East,125.05
2024-12-18,East,105.11
2024-12-19,East,103.36
2024-12-20,East,101.91
2024-12-21,East,95.9
2024-12-22,East,111.66
2024-12-23,East,84.04
2024-12-24,East,121.71
2024-12-25,East,92.37
2024-12-26,East,104.17
2024-12-27,East,102.77
2024-12-28,East,105.17
2024-12-29,East,83.53
2024-12-30,East,112.36
2024-12-31,East,128.21
