total_bill,tip,sex,smoker,day,time,size
16.99,1.01,Female,No,Sun,Dinner,2
10.34,1.66,Male,No,Sun,Dinner,3
21.01,3.50,Male,No,Sun,Dinner,3
23.68,3.31,Male,No,Sun,Dinner,2
24.59,3.61,Female,No,Sun,Dinner,4
25.29,4.71,Male,No,Sun,Dinner,4
8.77,2.00,Male,No,Sun,Dinner,2
26.88,3.12,Male,No,Sun,Dinner,4
15.04,1.96,Male,No,Sun,Dinner,2
14.78,3.23,Male,No,Sun,Dinner,2
10.27,1.71,Male,No,Sun,Dinner,2
35.26,5.00,Female,No,Sun,Dinner,4
15.42,1.57,Male,No,Sun,Dinner,2
18.43,3.00,Male,No,Sun,Dinner,4
14.83,3.02,Female,No,Sun,Dinner,2
21.58,3.92,Male,No,Sun,Dinner,2
10.33,1.67,Female,No,Sun,Dinner,3
16.29,3.71,Male,No,Sun,Dinner,3
18.69,3.00,Female,No,Sun,Dinner,3
20.65,3.35,Male,No,Sat,Dinner,3
17.92,4.08,Male,No,Sat,Dinner,2
20.29,2.75,Female,No,Sat,Dinner,2
15.77,2.23,Female,No,Sat,Dinner,2
39.42,7.58,Male,No,Sat,Dinner,4
19.82,3.18,Male,No,Sat,Dinner,2
17.81,2.34,Male,No,Sat,Dinner,4
13.37,2.00,Male,No,Sat,Dinner,2
12.69,2.00,Male,No,Sat,Dinner,2
21.70,4.30,Male,No,Sat,Dinner,2
19.65,3.00,Female,No,Sat,Dinner,2
9.55,1.45,Male,No,Sat,Dinner,2
18.35,2.50,Male,No,Sat,Dinner,4
15.06,3.00,Female,No,Sat,Dinner,2
20.69,2.45,Female,No,Sat,Dinner,4
17.78,3.27,Male,No,Sat,Dinner,2
24.06,3.60,Male,No,Sat,Dinner,3
16.31,2.00,Male,No,Sat,Dinner,3
16.93,3.07,Female,No,Sat,Dinner,3
18.69,2.31,Male,No,Sat,Dinner,3
31.27,5.00,Male,No,Sat,Dinner,3
16.04,2.24,Male,No,Sat,Dinner,3
17.46,2.54,Male,No,Sun,Dinner,2
13.94,3.06,Male,No,Sun,Dinner,2
9.68,1.32,Male,No,Sun,Dinner,2
30.40,5.60,Male,No,Sun,Dinner,4
18.29,3.00,Male,No,Sun,Dinner,2
22.23,5.00,Male,No,Sun,Dinner,2
32.40,6.00,Male,No,Sun,Dinner,4
28.55,2.05,Male,No,Sun,Dinner,3
18.04,3.00,Male,No,Sun,Dinner,2
12.54,2.50,Male,No,Sun,Dinner,2
10.29,2.60,Female,No,Sun,Dinner,2
34.81,5.20,Male,No,Sun,Dinner,4
9.94,1.56,Male,No,Sun,Dinner,2
25.56,4.34,Male,No,Sun,Dinner,4
19.49,3.00,Male,No,Sun,Dinner,2
38.01,3.00,Male,No,Sun,Dinner,4
26.41,1.50,Female,No,Sat,Dinner,2
11.24,1.76,Male,Yes,Sat,Dinner,2
48.27,6.73,Male,No,Sat,Dinner,4
20.29,3.21,Male,Yes,Sat,Dinner,2
13.81,2.00,Male,Yes,Sat,Dinner,2
11.59,1.50,Male,No,Sat,Dinner,2
10.07,1.83,Female,No,Sat,Dinner,1
34.83,5.17,Female,No,Thur,Lunch,4
13.03,2.00,Male,No,Thur,Lunch,2
16.40,2.50,Female,Yes,Thur,Lunch,2
17.92,3.08,Male,No,Thur,Lunch,2
27.05,3.00,Female,No,Thur,Lunch,3
16.43,2.30,Female,No,Thur,Lunch,2
8.35,1.50,Female,No,Thur,Lunch,2
18.64,1.36,Female,No,Thur,Lunch,3
11.87,1.63,Female,No,Thur,Lunch,2
19.40,3.00,Male,Yes,Thur,Lunch,2
16.66,2.00,Male,No,Thur,Lunch,2
24.71,5.00,Male,No,Thur,Lunch,2
14.88,2.00,Female,No,Thur,Lunch,2
20.53,4.00,Male,Yes,Thur,Lunch,4
25.29,4.71,Male,No,Fri,Dinner,4
19.08,2.50,Male,No,Fri,Dinner,2
29.80,4.20,Female,No,Fri,Dinner,3
15.38,2.00,Female,No,Fri,Dinner,2
17.92,3.00,Male,Yes,Fri,Dinner,2
12.46,1.50,Male,No,Fri,Dinner,2
21.16,3.00,Male,Yes,Fri,Dinner,2
28.97,3.00,Male,Yes,Fri,Dinner,2
22.49,3.50,Male,No,Fri,Dinner,2
20.65,3.00,Male,Yes,Fri,Dinner,3
15.98,3.00,Female,No,Fri,Dinner,3
24.59,3.76,Male,Yes,Fri,Dinner,4
18.29,3.00,Male,No,Fri,Dinner,2
14.48,2.00,Male,No,Fri,Dinner,2
26.59,3.41,Male,Yes,Sat,Dinner,3
38.73,3.00,Male,Yes,Sat,Dinner,4
31.71,4.50,Male,Yes,Sat,Dinner,4
17.07,3.00,Female,Yes,Sat,Dinner,3
27.18,2.00,Female,Yes,Sat,Dinner,2
22.67,2.00,Male,Yes,Sat,Dinner,2